-- 기본 Role 생성
INSERT INTO ROLE(ROLE_NAME, DESCRIPTION, DEFAULT_YN, SORT_ORDER)VALUES('ROLE_SUPER_ADMIN', '슈퍼관리자','Y',0);
INSERT INTO ROLE(ROLE_NAME, DESCRIPTION, DEFAULT_YN, SORT_ORDER)VALUES('ROLE_ADMIN', '관리자','Y',1);
INSERT INTO ROLE(ROLE_NAME, DESCRIPTION, DEFAULT_YN, SORT_ORDER)VALUES('ROLE_USER', '사용자','Y',2);
INSERT INTO ROLE(ROLE_NAME, DESCRIPTION, DEFAULT_YN, SORT_ORDER)VALUES('ROLE_ANONYMOUS', '익명사용','Y',99);

-- 기본 권한 생성
INSERT INTO PRIVILEGE(PRIVILEGE, DESCRIPTION) VALUES ('READ', 'Read');
INSERT INTO PRIVILEGE(PRIVILEGE, DESCRIPTION) VALUES ('WRITE', 'Write');
INSERT INTO PRIVILEGE(PRIVILEGE, DESCRIPTION) VALUES ('DELETE', 'Delete');
INSERT INTO PRIVILEGE(PRIVILEGE, DESCRIPTION) VALUES ('PUBLISH', 'Publish');

-- 관리자 역할에 권한 연결
INSERT INTO ROLE_PRIVILEGE(ROLE,PRIVILEGE) VALUES('ROLE_SUPER_ADMIN', 'READ');
INSERT INTO ROLE_PRIVILEGE(ROLE,PRIVILEGE) VALUES('ROLE_SUPER_ADMIN', 'WRITE');
INSERT INTO ROLE_PRIVILEGE(ROLE,PRIVILEGE) VALUES('ROLE_SUPER_ADMIN', 'DELETE');
INSERT INTO ROLE_PRIVILEGE(ROLE,PRIVILEGE) VALUES('ROLE_SUPER_ADMIN', 'PUBLISH');

INSERT INTO ROLE_PRIVILEGE(ROLE,PRIVILEGE) VALUES('ROLE_ADMIN', 'READ');
INSERT INTO ROLE_PRIVILEGE(ROLE,PRIVILEGE) VALUES('ROLE_ADMIN', 'WRITE');
INSERT INTO ROLE_PRIVILEGE(ROLE,PRIVILEGE) VALUES('ROLE_ADMIN', 'DELETE');
INSERT INTO ROLE_PRIVILEGE(ROLE,PRIVILEGE) VALUES('ROLE_ADMIN', 'PUBLISH');

-- 기본 관리자 계정 생성
-- password: grove123$
INSERT INTO ACCOUNT
(ID, CREATED_AT, UPDATED_AT, ACTIVE_YN, DORMANCY_YN, EMAIL, NAME, PASSWORD, PASSWORD_FAIL_CNT, USERNAME, email_verified)
VALUES(1, now(), now(), 'Y', 'N', 'admin@gig.com', 'ADMIN', 'b9fd937674fcf8cd44698ed9cfc7ea2d888288427884d6534d51c1ec3add8f75fa406a9e6c95821d590713c92db7af9f86bcac7710a08354eefab35ac363273c',0, 'admin', false);

-- 역할 연결
INSERT INTO ACCOUNT_ROLE (ACCOUNT_ID, ROLE) VALUES(1/*관리자 ID - 확인 후 수정 필요*/,'ROLE_ADMIN');
INSERT INTO ACCOUNT_ROLE (ACCOUNT_ID, ROLE) VALUES(1/*관리자 ID - 확인 후 수정 필요*/,'ROLE_SUPER_ADMIN');

--관리자 기본 메뉴 지정
INSERT INTO MENU
(ID, CREATED_AT, UPDATED_AT, ACTIVE_YN, DELETE_YN, DISPLAY_YN, MENU_NAME, SORT_ORDER, URL, MENU_TYPE,ANT_MATCHER_TYPE, LAST_MODIFIER_ID, PARENT_ID)
VALUES(1, now(), now(), 'Y', 'N', 'Y', 'Home', 0, '/',0,0, 1,NULL);

INSERT INTO MENU
(ID, CREATED_AT, UPDATED_AT, ACTIVE_YN, DELETE_YN, DISPLAY_YN, MENU_NAME, SORT_ORDER, URL, MENU_TYPE, ANT_MATCHER_TYPE, LAST_MODIFIER_ID, PARENT_ID)
VALUES (2, now(), now(), 'Y', 'N', 'Y', 'Settings', 0, '/setting', 0, 1, 1, NULL);

select * from MENU;

INSERT INTO MENU
(ID, CREATED_AT, UPDATED_AT, ACTIVE_YN, DELETE_YN, DISPLAY_YN, MENU_NAME, SORT_ORDER, URL, MENU_TYPE, ANT_MATCHER_TYPE, LAST_MODIFIER_ID, PARENT_ID)
VALUES (3, now(), now(), 'Y', 'N', 'Y', 'Menu Manager', 0, '/setting/menu-manager', 0, 1, 1,2/*setting의 Id값*/);

INSERT INTO MENU
(ID, CREATED_AT, UPDATED_AT, ACTIVE_YN, DELETE_YN, DISPLAY_YN, MENU_NAME, SORT_ORDER, URL, MENU_TYPE, ANT_MATCHER_TYPE, LAST_MODIFIER_ID, PARENT_ID)
VALUES (4, now(), now(), 'Y', 'N', 'N', 'User Manager', 0, '/user', 0, 1, 1,2/*setting의 Id값*/);

select * from MENU_ROLE;

-- 메뉴에 역할 연결
INSERT INTO MENU_ROLE (MENU_ID, ROLE) VALUES(1/*메뉴 ID*/, 'ROLE_SUPER_ADMIN');
INSERT INTO MENU_ROLE (MENU_ID, ROLE) VALUES(2/*메뉴 ID*/, 'ROLE_SUPER_ADMIN');
INSERT INTO MENU_ROLE (MENU_ID, ROLE) VALUES(3/*메뉴 ID*/, 'ROLE_SUPER_ADMIN');
INSERT INTO MENU_ROLE (MENU_ID, ROLE) VALUES(4/*메뉴 ID*/, 'ROLE_SUPER_ADMIN');



